# DUMMY FILE for the demo: reviewer DEMO-B is fictional; these codes were written to illustrate the format
uid,text,your codes (; separated),research questions
R08,"It is fast at boilerplate, but the code it writes ignores our team's naming conventions.",boilerplate speed; style mismatch,RQ1;RQ2
R10,Explaining legacy code is the best part. It summarised a 600-line function in plain English.,understanding old code,RQ1
R13,"Sometimes it invents API methods that do not exist, and I lose time chasing them.",hallucinated APIs waste time,RQ2
R15,"I finish routine tickets faster, so I have more time for design work.",time savings,RQ1
R17,It helped me pick up Rust much faster than reading the book alone.,onboarding to a language,RQ1
R21,Pair programming with it feels like working with a fast but careless intern.,needs watching like an intern,RQ2
R22,I use it to write documentation comments. It turns my notes into readable docstrings.,documentation writing,RQ1
R24,It is good at explaining error messages and suggesting what to try next.,debugging help,RQ1
