kind,uid,code,label,text,coders' codes :: rationale,keep,note
issue (2+ coders),R06,ISSUE,,n/a,coder 1: ISSUE_NON_RESPONSE :: n/a || coder 2: ISSUE_NON_RESPONSE :: the answer is 'n/a' || coder 3: ISSUE_NON_RESPONSE :: non-answer,y,DEMO-A and DEMO-B (fictional): rationale matches the codebook.
issue (2+ coders),R14,ISSUE,,same as above,coder 1: ISSUE_BACK_REFERENCE :: same as above || coder 2: ISSUE_BACK_REFERENCE :: only refers back to an earlier answer || coder 3: ISSUE_BACK_REFERENCE :: back-reference,y,DEMO-A and DEMO-B (fictional): rationale matches the codebook.
uncovered,R16,UNCOVERED,flow interruption by autocomplete / interruptions from inline suggestions / breaks the developer's flow,The autocomplete interrupts my flow. Half the time I am dismissing suggestions instead of thinking.,coder 1: UNCOVERED :: autocomplete interrupts my flow || coder 2: UNCOVERED :: inline suggestions break concentration || coder 3: UNCOVERED :: flow interruption,y,DEMO (fictional): real content the codebook lacks.
uncovered,R17,UNCOVERED,learning a new language faster / learning a language / learning a new language,It helped me pick up Rust much faster than reading the book alone.,coder 1: UNCOVERED :: pick up Rust much faster || coder 2: UNCOVERED :: learns a new language (Rust) faster || coder 3: UNCOVERED :: learning Rust,y,"DEMO (fictional): real content the codebook lacks; matches the blind-pass gaps (learning, documentation)."
uncovered,R22,UNCOVERED,writing documentation comments / documentation from notes / writes docstrings,I use it to write documentation comments. It turns my notes into readable docstrings.,coder 1: UNCOVERED :: turns my notes into readable docstrings || coder 2: UNCOVERED :: writes documentation comments from notes || coder 3: UNCOVERED :: docstrings,y,"DEMO (fictional): real content the codebook lacks; matches the blind-pass gaps (learning, documentation)."
uncovered,R26,UNCOVERED,fewer context switches / no web search,The best thing is fewer context switches: I don't have to search the web for syntax anymore.,coder 1: UNCOVERED :: fewer context switches || coder 2: T01 :: no longer searches the web for syntax: routine code without the lookup || coder 3: T03 :: answers syntax questions in the editor,y,"DEMO (fictional): fewer context switches is content the codebook lacks; coders 2 and 3 placed it in T01 and T03, which do not fit."
uncovered,R27,UNCOVERED,"fear of deskilling; the label names accepting suggestions, not losing skills",I'm concerned about losing my own skills if I let it write everything.,coder 1: T08 :: losing my own skills || coder 2: UNCOVERED :: worry about losing their own skills || coder 3: T08 :: deskilling,y,"DEMO (fictional): coder 2 left it UNCOVERED because T08's label names accepting suggestions, not losing skills, while the definition covers it. Label and definition disagree; taken to the decision on T08."
random consensus assignment,R28,T02,"Drafts tests, fixtures and mock data",It writes decent first drafts of test fixtures and mock data.,coder 1: T02 :: first drafts of test fixtures || coder 2: T02 :: drafts test fixtures and mock data || coder 3: T02 :: fixtures and mocks,y,DEMO-A and DEMO-B (fictional): rationale matches the codebook.
random consensus assignment,R11,T09,"Security, licensing and data risks","Our legal team is nervous about licensing of generated code, so we can only use it on internal tools.",coder 1: T07|T09 :: legal nervous about licensing; only internal tools || coder 2: T07|T09 :: licensing worry from legal; use limited to internal tools || coder 3: T07|T09 :: internal tools only; licensing worry,y,DEMO-A and DEMO-B (fictional): rationale matches the codebook.
random consensus assignment,R19,T04,Checking and fixing output costs time,Boilerplate and repetitive code are where it shines. Anything with business logic needs heavy editing.,coder 1: T01|T04 :: boilerplate shines; business logic needs heavy editing || coder 2: T01|T04|T06 :: good at boilerplate; business-logic code needs heavy editing because it does not fit our logic || coder 3: T01|T04|T06 :: boilerplate; heavy editing; does not fit the business logic,y,DEMO-A and DEMO-B (fictional): rationale matches the codebook.
random consensus assignment,R21,T08,Accepting suggestions without understanding them,Pair programming with it feels like working with a fast but careless intern.,coder 1: T08 :: fast but careless intern || coder 2: T08 :: careless intern: needs supervising || coder 3: T08 :: needs supervising like an intern,y,DEMO (fictional): fits T08's include clause 'needing to supervise it'; that clause is part of what the decision on T08 revisits.
random consensus assignment,R08,T01,Writes boilerplate and routine code,"It is fast at boilerplate, but the code it writes ignores our team's naming conventions.",coder 1: T01|T06 :: fast at boilerplate; ignores our naming conventions || coder 2: T01|T06 :: boilerplate is fast but does not follow the team's naming conventions || coder 3: T01|T06 :: boilerplate; ignores naming conventions,y,DEMO-A and DEMO-B (fictional): rationale matches the codebook.
random consensus assignment,R19,T06,Ignores team conventions and internal libraries,Boilerplate and repetitive code are where it shines. Anything with business logic needs heavy editing.,coder 1: T01|T04 :: boilerplate shines; business logic needs heavy editing || coder 2: T01|T04|T06 :: good at boilerplate; business-logic code needs heavy editing because it does not fit our logic || coder 3: T01|T04|T06 :: boilerplate; heavy editing; does not fit the business logic,n,"DEMO (fictional): heavy editing of business logic is T04, not a conventions problem; definition of T06 holds."
random consensus assignment,R09,T08,Accepting suggestions without understanding them,I worry that juniors on my team accept suggestions without understanding them.,coder 1: T08 :: juniors accept suggestions without understanding them || coder 2: T08 :: worry that juniors accept suggestions they do not understand || coder 3: T08 :: juniors accept without understanding,y,DEMO-A and DEMO-B (fictional): rationale matches the codebook.
random consensus assignment,R30,T10,Reports little or no net benefit,"Not much to say, I barely use it.",coder 1: T10 :: barely use it || coder 2: ISSUE_NON_RESPONSE :: 'not much to say': nothing to code || coder 3: T10 :: barely uses it,y,DEMO-A and DEMO-B (fictional): rationale matches the codebook.
