code,alpha,kappa_12,a_12,b_12,c_12,d_12,raw_12,pos_agree_12,neg_agree_12,kappa_13,a_13,b_13,c_13,d_13,raw_13,pos_agree_13,neg_agree_13,kappa_23,a_23,b_23,c_23,d_23,raw_23,pos_agree_23,neg_agree_23,kappa_mean,kappa_cross_vendor_mean,three_rater_agreement,n_any,n_consensus,n_unanimous,prevalence_consensus_pct,n_coder_1,n_coder_2,n_coder_3
T01,0.59185427752763,0.5457331827714147,16,7,15,218,0.9140625,0.5925925925925926,0.9519650655021834,0.6955017301038062,14,9,2,231,0.95703125,0.717948717948718,0.9767441860465116,0.5594202898550724,14,17,2,223,0.92578125,0.5957446808510638,0.9591397849462365,0.6002184009100978,0.6002184009100978,0.8984375,39,18,13,7.3,23,31,16
T02,0.8066386554621849,0.8014349427961993,18,7,1,230,0.96875,0.8181818181818182,0.9829059829059829,0.8871650211565585,22,3,2,229,0.98046875,0.8979591836734694,0.9892008639308856,0.7210776545166403,16,3,8,229,0.95703125,0.7441860465116279,0.976545842217484,0.8032258728231327,0.8032258728231327,0.953125,28,24,16,9.7,25,19,24
T03,0.8641876936697654,0.7961783439490446,4,0,2,250,0.9921875,0.8,0.9960159362549801,0.8869257950530035,4,0,1,251,0.99609375,0.8888888888888888,0.9980119284294234,0.9071117561683599,5,1,0,250,0.99609375,0.9090909090909091,0.998003992015968,0.863405298390136,0.863405298390136,0.9921875,6,5,4,2.0,4,6,5
T04,0.9058125255832992,0.8829125503110136,21,4,1,230,0.98046875,0.8936170212765957,0.989247311827957,0.9540312443885797,23,2,0,231,0.9921875,0.9583333333333334,0.9956896551724138,0.8781880472021317,20,2,3,231,0.98046875,0.8888888888888888,0.9892933618843683,0.9050439473005749,0.9050439473005749,0.9765625,26,24,20,9.7,25,22,23
T05,0.6129055515501081,0.5702075702075702,8,4,7,237,0.95703125,0.5925925925925926,0.977319587628866,0.5903271692745377,7,5,4,240,0.96484375,0.6086956521739131,0.9815950920245399,0.6762567183054062,9,6,2,239,0.96875,0.6923076923076923,0.9835390946502057,0.6122638192625046,0.6122638192625046,0.9453125,21,10,7,4.0,12,15,11
T06,0.838341563290377,0.8666666666666667,14,2,2,238,0.984375,0.875,0.9916666666666667,0.8584070796460177,13,3,1,239,0.984375,0.8666666666666667,0.991701244813278,0.7876106194690266,12,4,2,238,0.9765625,0.8,0.9875518672199171,0.8375614552605702,0.8375614552605702,0.97265625,19,15,12,6.0,16,16,14
T07,0.9387771392081737,0.9322990126939351,23,2,1,230,0.98828125,0.9387755102040817,0.9935205183585313,0.9540312443885797,23,2,0,231,0.9921875,0.9583333333333334,0.9956896551724138,0.9297218155197657,22,2,1,231,0.98828125,0.9361702127659575,0.9935483870967742,0.9386840242007602,0.9386840242007602,0.984375,26,24,22,9.7,25,24,23
T08,0.9123869140089554,0.9238699444885012,20,3,0,233,0.98828125,0.9302325581395349,0.9936034115138592,0.8963352905446447,19,4,0,233,0.984375,0.9047619047619048,0.9914893617021276,0.9167389418907199,18,2,1,235,0.98828125,0.9230769230769231,0.9936575052854123,0.9123147256412887,0.9123147256412887,0.98046875,23,21,18,8.5,23,20,19
T09,0.9649547656035822,0.9481361426256077,20,0,2,234,0.9921875,0.9523809523809523,0.9957446808510638,1.0,20,0,0,236,1.0,1.0,1.0,0.9481361426256077,20,2,0,234,0.9921875,0.9523809523809523,0.9957446808510638,0.9654240950837384,0.9654240950837384,0.9921875,22,20,20,8.1,20,22,20
T10,1.0,1.0,14,0,0,242,1.0,1.0,1.0,1.0,14,0,0,242,1.0,1.0,1.0,1.0,14,0,0,242,1.0,1.0,1.0,1.0,1.0,1.0,14,14,14,5.6,14,14,14
T11,0.7690593761291099,0.7344398340248963,12,0,8,236,0.96875,0.75,0.9833333333333333,0.7569620253164557,10,2,4,240,0.9765625,0.7692307692307693,0.9876543209876543,0.8113948919449901,14,6,0,236,0.9765625,0.8235294117647058,0.9874476987447699,0.7675989170954475,0.7675989170954475,0.9609375,20,16,10,6.5,12,20,14
T12,0.7736595154484021,0.7733940313606474,13,2,5,236,0.97265625,0.7878787878787878,0.9853862212943633,0.7441462021701885,11,4,3,238,0.97265625,0.7586206896551724,0.9855072463768116,0.8002081165452654,13,5,1,237,0.9765625,0.8125,0.9875,0.7725827833587005,0.7725827833587005,0.9609375,21,15,11,6.0,15,18,14
T13,0.930717812838733,0.9656652360515021,15,0,1,240,0.99609375,0.967741935483871,0.997920997920998,0.9291839557399724,14,1,1,240,0.9921875,0.9333333333333333,0.995850622406639,0.8969957081545065,14,2,1,239,0.98828125,0.9032258064516129,0.9937629937629938,0.9306149666486604,0.9306149666486604,0.98828125,17,15,14,6.0,15,16,15
T14,0.8889478764478764,0.8848920863309353,8,2,0,246,0.9921875,0.8888888888888888,0.9959514170040485,0.8959349593495934,9,1,1,245,0.9921875,0.9,0.9959349593495935,0.8848920863309353,8,0,2,246,0.9921875,0.8888888888888888,0.9959514170040485,0.8885730440038214,0.8885730440038214,0.98828125,11,9,8,3.6,10,8,10
T15,0.9487299465240642,0.9210850801479655,6,1,0,249,0.99609375,0.9230769230769231,0.9979959919839679,1.0,7,0,0,249,1.0,1.0,1.0,0.9210850801479655,6,0,1,249,0.99609375,0.9230769230769231,0.9979959919839679,0.947390053431977,0.947390053431977,0.99609375,7,7,6,2.8,7,6,7
T16,0.953811875225822,0.9292035398230089,14,2,0,240,0.9921875,0.9333333333333333,0.995850622406639,1.0,16,0,0,240,1.0,1.0,1.0,0.9292035398230089,14,0,2,240,0.9921875,0.9333333333333333,0.995850622406639,0.9528023598820058,0.9528023598820058,0.9921875,16,16,14,6.5,16,14,16
T17,0.8149131274131274,0.769680611785875,7,2,2,245,0.984375,0.7777777777777778,0.9919028340080972,0.726729291204099,7,2,3,244,0.98046875,0.7368421052631579,0.9898580121703854,0.9453458582408198,9,0,1,246,0.99609375,0.9473684210526315,0.9979716024340771,0.8139185870769312,0.8139185870769312,0.98046875,12,9,7,3.6,9,9,10
T18,0.7820197044334976,0.7960159362549801,4,1,1,250,0.9921875,0.8,0.9960159362549801,0.6607773851590106,3,2,1,250,0.98828125,0.6666666666666666,0.9940357852882704,0.8869257950530035,4,1,0,251,0.99609375,0.8888888888888888,0.9980119284294234,0.7812397054889981,0.7812397054889981,0.98828125,6,5,3,2.0,5,5,4
T19,0.9461035766987562,0.9210850801479655,6,0,1,249,0.99609375,0.9230769230769231,0.9979959919839679,1.0,6,0,0,250,1.0,1.0,1.0,0.9210850801479655,6,1,0,249,0.99609375,0.9230769230769231,0.9979959919839679,0.947390053431977,0.947390053431977,0.99609375,7,6,6,2.4,6,7,6
T20,1.0,1.0,8,0,0,248,1.0,1.0,1.0,1.0,8,0,0,248,1.0,1.0,1.0,1.0,8,0,0,248,1.0,1.0,1.0,1.0,1.0,1.0,8,8,8,3.2,8,8,8
T21,0.5925630810092961,0.5375722543352601,3,0,5,248,0.98046875,0.5454545454545454,0.9900199600798403,0.8552036199095022,3,0,1,252,0.99609375,0.8571428571428571,0.998019801980198,0.48936170212765956,3,5,1,247,0.9765625,0.5,0.988,0.6273791921241406,0.6273791921241406,0.9765625,9,3,3,1.2,3,8,4
T22,0.930713640469738,0.9503491078355314,10,0,1,245,0.99609375,0.9523809523809523,0.9979633401221996,0.9453458582408198,9,1,0,246,0.99609375,0.9473684210526315,0.9979716024340771,0.8959772450223487,9,2,0,245,0.9921875,0.9,0.9959349593495935,0.9305574036995665,0.9305574036995665,0.9921875,11,10,9,4.0,10,11,9
T23,0.9233268356075374,0.9453458582408198,9,0,1,246,0.99609375,0.9473684210526315,0.9979716024340771,0.9391634980988594,8,1,0,247,0.99609375,0.9411764705882353,0.997979797979798,0.8848920863309353,8,2,0,246,0.9921875,0.8888888888888888,0.9959514170040485,0.923133814223538,0.923133814223538,0.9921875,10,9,8,3.6,9,10,8
T24,1.0,1.0,10,0,0,246,1.0,1.0,1.0,1.0,10,0,0,246,1.0,1.0,1.0,1.0,10,0,0,246,1.0,1.0,1.0,1.0,1.0,1.0,10,10,10,4.0,10,10,10
T25,0.9051329622758194,0.9050092764378479,10,1,1,244,0.9921875,0.9090909090909091,0.9959183673469387,0.9050092764378479,10,1,1,244,0.9921875,0.9090909090909091,0.9959183673469387,0.9050092764378479,10,1,1,244,0.9921875,0.9090909090909091,0.9959183673469387,0.9050092764378479,0.9050092764378479,0.98828125,13,10,10,4.0,11,11,11
T26,0.8922071533975124,1.0,7,0,0,249,1.0,1.0,1.0,0.8294470353097935,5,2,0,249,0.9921875,0.8333333333333334,0.996,0.8294470353097935,5,2,0,249,0.9921875,0.8333333333333334,0.996,0.8862980235398622,0.8862980235398622,0.9921875,7,7,5,2.8,7,7,5
T27,0.9461035766987562,1.0,6,0,0,250,1.0,1.0,1.0,0.9210850801479655,6,0,1,249,0.99609375,0.9230769230769231,0.9979959919839679,0.9210850801479655,6,0,1,249,0.99609375,0.9230769230769231,0.9979959919839679,0.947390053431977,0.947390053431977,0.99609375,7,6,6,2.4,6,6,7
T28,0.7820197044334976,0.7961783439490446,4,0,2,250,0.9921875,0.8,0.9960159362549801,0.746031746031746,3,1,1,251,0.9921875,0.75,0.996031746031746,0.7961783439490446,4,2,0,250,0.9921875,0.8,0.9960159362549801,0.7794628113099451,0.7794628113099451,0.98828125,6,5,3,2.0,4,6,4
T29,1.0,1.0,5,0,0,251,1.0,1.0,1.0,1.0,5,0,0,251,1.0,1.0,1.0,1.0,5,0,0,251,1.0,1.0,1.0,1.0,1.0,1.0,5,5,5,2.0,5,5,5
T30,0.854679802955665,0.7961783439490446,4,2,0,250,0.9921875,0.8,0.9960159362549801,0.7961783439490446,4,2,0,250,0.9921875,0.8,0.9960159362549801,1.0,4,0,0,252,1.0,1.0,1.0,0.8641188959660298,0.8641188959660298,0.9921875,6,4,4,1.6,6,4,4
T31,1.0,1.0,5,0,0,251,1.0,1.0,1.0,1.0,5,0,0,251,1.0,1.0,1.0,1.0,5,0,0,251,1.0,1.0,1.0,1.0,1.0,1.0,5,5,5,2.0,5,5,5
T32,0.9273399014778325,0.8869257950530035,4,0,1,251,0.99609375,0.8888888888888888,0.9980119284294234,0.8869257950530035,4,0,1,251,0.99609375,0.8888888888888888,0.9980119284294234,1.0,5,0,0,251,1.0,1.0,1.0,0.9246171967020024,0.9246171967020024,0.99609375,5,5,4,2.0,4,5,5
T33,1.0,1.0,6,0,0,250,1.0,1.0,1.0,1.0,6,0,0,250,1.0,1.0,1.0,1.0,6,0,0,250,1.0,1.0,1.0,1.0,1.0,1.0,6,6,6,2.4,6,6,6
T34,0.9218543046357616,1.0,4,0,0,252,1.0,1.0,1.0,0.8869257950530035,4,0,1,251,0.99609375,0.8888888888888888,0.9980119284294234,0.8869257950530035,4,0,1,251,0.99609375,0.8888888888888888,0.9980119284294234,0.9246171967020024,0.9246171967020024,0.99609375,5,4,4,1.6,4,4,5
T35,1.0,1.0,5,0,0,251,1.0,1.0,1.0,1.0,5,0,0,251,1.0,1.0,1.0,1.0,5,0,0,251,1.0,1.0,1.0,1.0,1.0,1.0,5,5,5,2.0,5,5,5
T36,0.6810810810810811,0.6836501901140685,16,9,4,227,0.94921875,0.7111111111111111,0.9721627408993576,0.6349809885931559,15,10,5,226,0.94140625,0.6666666666666666,0.9678800856531049,0.7288135593220338,15,5,5,231,0.9609375,0.75,0.9788135593220338,0.6824815793430861,0.6824815793430861,0.92578125,32,20,13,8.1,25,20,20
T37,0.6981503345139709,0.5993170176437109,9,9,2,236,0.95703125,0.6206896551724138,0.9772256728778468,0.6914836636314944,11,7,2,236,0.96484375,0.7096774193548387,0.9812889812889813,0.8251963127347217,10,1,3,242,0.984375,0.8333333333333334,0.9918032786885246,0.7053323313366423,0.7053323313366423,0.953125,20,14,8,5.6,18,11,13
T38,0.7761890866647213,0.6570203644158628,5,1,4,246,0.98046875,0.6666666666666666,0.9899396378269618,0.8532110091743119,6,0,2,248,0.9921875,0.8571428571428571,0.9959839357429718,0.8174904942965779,7,2,1,246,0.98828125,0.8235294117647058,0.9939393939393939,0.7759072892955842,0.7759072892955842,0.98046875,10,8,5,3.2,6,9,8
T39,0.8466536712150747,0.7697841726618705,7,1,3,245,0.984375,0.7777777777777778,0.9919028340080972,0.9391634980988594,8,0,1,247,0.99609375,0.9411764705882353,0.997979797979798,0.8360375747224594,8,2,1,245,0.98828125,0.8421052631578947,0.9939148073022313,0.8483284151610632,0.8483284151610632,0.984375,11,9,7,3.6,8,10,9
T41,0.761455525606469,0.726729291204099,7,2,3,244,0.98046875,0.7368421052631579,0.9898580121703854,0.8710327455919396,7,2,0,247,0.9921875,0.875,0.9959677419354839,0.6961063627730294,6,4,1,245,0.98046875,0.7058823529411765,0.98989898989899,0.764622799856356,0.764622799856356,0.9765625,12,8,6,3.2,9,10,7
T42,0.6964379947229551,0.6631578947368421,2,0,2,252,0.9921875,0.6666666666666666,0.9960474308300395,0.6631578947368421,2,0,2,252,0.9921875,0.6666666666666666,0.9960474308300395,0.746031746031746,3,1,1,251,0.9921875,0.75,0.996031746031746,0.6907825118351433,0.6907825118351433,0.98828125,5,3,2,1.2,2,4,4
T43,0.8073832245102963,0.7876106194690266,12,2,4,238,0.9765625,0.8,0.9875518672199171,0.8488783943329398,12,2,2,240,0.984375,0.8571428571428571,0.9917355371900827,0.7876106194690266,12,4,2,238,0.9765625,0.8,0.9875518672199171,0.808033211090331,0.808033211090331,0.96875,19,14,11,5.6,14,16,14
T44,1.0,1.0,1,0,0,255,1.0,1.0,1.0,1.0,1,0,0,255,1.0,1.0,1.0,1.0,1,0,0,255,1.0,1.0,1.0,1.0,1.0,1.0,1,1,1,0.4,1,1,1
T45,0.8419642857142857,0.8172472872644203,12,3,2,239,0.98046875,0.8275862068965517,0.989648033126294,0.8381283591527031,11,4,0,241,0.984375,0.8461538461538461,0.9917695473251029,0.8739330269205515,11,3,0,242,0.98828125,0.88,0.9938398357289527,0.8431028911125583,0.8431028911125583,0.9765625,17,12,11,4.8,15,14,11
T46,0.1611986001749781,0.0,0,0,5,251,0.98046875,0.0,0.9901380670611439,0.0,0,0,1,255,0.99609375,0.0,0.9980430528375733,0.3289646133682831,1,4,0,251,0.984375,0.3333333333333333,0.9920948616600791,0.10965487112276102,0.10965487112276102,0.98046875,5,1,0,0.4,0,5,1
T47,0.9058125255832992,0.9081119885139985,22,0,4,230,0.984375,0.9166666666666666,0.9913793103448276,0.9005439005439005,20,2,2,232,0.984375,0.9090909090909091,0.9914529914529915,0.9081119885139985,22,4,0,230,0.984375,0.9166666666666666,0.9913793103448276,0.9055892925239659,0.9055892925239659,0.9765625,26,24,20,9.7,22,26,22
T48,0.7233931719826896,0.8046398046398047,11,1,4,240,0.98046875,0.8148148148148148,0.9896907216494846,0.727427597955707,7,5,0,244,0.98046875,0.7368421052631579,0.9898580121703854,0.6222796016230173,7,8,0,241,0.96875,0.6363636363636364,0.9836734693877551,0.718115668072843,0.718115668072843,0.96484375,16,11,7,4.4,12,15,7
T49,0.8804131748197233,0.8634423897581792,10,2,1,243,0.98828125,0.8695652173913043,0.9938650306748467,0.912568306010929,11,1,1,243,0.9921875,0.9166666666666666,0.9959016393442623,0.8634423897581792,10,1,2,243,0.98828125,0.8695652173913043,0.9938650306748467,0.8798176951757625,0.8798176951757625,0.984375,13,13,9,5.2,12,11,12
T50,0.7436497326203209,0.6068796068796068,4,5,0,247,0.98046875,0.6153846153846154,0.9899799599198397,0.8710327455919396,7,2,0,247,0.9921875,0.875,0.9959677419354839,0.7217391304347827,4,0,3,249,0.98828125,0.7272727272727273,0.9940119760479041,0.7332171609687764,0.7332171609687764,0.98046875,9,7,4,2.8,9,4,7
T51,0.871135752688172,0.8709677419354839,7,1,1,247,0.9921875,0.875,0.9959677419354839,0.8709677419354839,7,1,1,247,0.9921875,0.875,0.9959677419354839,0.8709677419354839,7,1,1,247,0.9921875,0.875,0.9959677419354839,0.8709677419354839,0.8709677419354839,0.98828125,9,9,6,3.6,8,8,8
T52,0.8209512693317771,0.8174904942965779,7,2,1,246,0.98828125,0.8235294117647058,0.9939393939393939,0.7942122186495176,6,3,0,247,0.98828125,0.8,0.993963782696177,0.8532110091743119,6,2,0,248,0.9921875,0.8571428571428571,0.9959839357429718,0.8216379073734692,0.8216379073734692,0.984375,10,7,6,2.8,9,8,6
T55,0.7820197044334976,0.6607773851590106,3,1,2,250,0.98828125,0.6666666666666666,0.9940357852882704,0.8869257950530035,4,0,1,251,0.99609375,0.8888888888888888,0.9980119284294234,0.7960159362549801,4,1,1,250,0.9921875,0.8,0.9960159362549801,0.7812397054889981,0.7812397054889981,0.98828125,6,5,3,2.0,4,5,5
T56,0.8466536712150747,0.8360375747224594,8,1,2,245,0.98828125,0.8421052631578947,0.9939148073022313,0.8174904942965779,7,2,1,246,0.98828125,0.8235294117647058,0.9939393939393939,0.8848920863309353,8,2,0,246,0.9921875,0.8888888888888888,0.9959514170040485,0.8461400517833241,0.8461400517833241,0.984375,11,9,7,3.6,9,10,8
T59,0.8087599734042553,0.7217391304347827,4,3,0,249,0.98828125,0.7272727272727273,0.9940119760479041,0.8294470353097935,5,2,0,249,0.9921875,0.8333333333333334,0.996,0.8869257950530035,4,0,1,251,0.99609375,0.8888888888888888,0.9980119284294234,0.8127039869325267,0.8127039869325267,0.98828125,7,5,4,2.0,7,4,5
T60,0.5640394088669951,0.5920318725099601,3,2,2,249,0.984375,0.6,0.9920318725099602,0.6607773851590106,3,2,1,250,0.98828125,0.6666666666666666,0.9940357852882704,0.43462897526501765,2,3,2,249,0.98046875,0.4444444444444444,0.9900596421471173,0.5624794109779961,0.5624794109779961,0.9765625,7,6,1,2.4,5,5,4
T62,0.9348675271739131,0.9503491078355314,10,0,1,245,0.99609375,0.9523809523809523,0.9979633401221996,0.9503491078355314,10,0,1,245,0.99609375,0.9523809523809523,0.9979633401221996,0.9050092764378479,10,1,1,244,0.9921875,0.9090909090909091,0.9959183673469387,0.9352358307029703,0.9352358307029703,0.9921875,12,10,10,4.0,10,11,11
T64,0.813063611991226,0.8710327455919396,7,0,2,247,0.9921875,0.875,0.9959677419354839,0.7632552404438965,5,2,1,248,0.98828125,0.7692307692307693,0.9939879759519038,0.7942122186495176,6,3,0,247,0.98828125,0.8,0.993963782696177,0.8095000682284512,0.8095000682284512,0.984375,9,8,5,3.2,7,9,6
T65,0.9461035766987562,0.9210850801479655,6,1,0,249,0.99609375,0.9230769230769231,0.9979959919839679,0.9210850801479655,6,1,0,249,0.99609375,0.9230769230769231,0.9979959919839679,1.0,6,0,0,250,1.0,1.0,1.0,0.947390053431977,0.947390053431977,0.99609375,7,6,6,2.4,7,6,6
T67,0.424066078468181,0.3289646133682831,1,4,0,251,0.984375,0.3333333333333333,0.9920948616600791,0.3289646133682831,1,4,0,251,0.984375,0.3333333333333333,0.9920948616600791,1.0,1,0,0,255,1.0,1.0,1.0,0.5526430755788554,0.5526430755788554,0.984375,5,1,1,0.4,5,1,1
T68,1.0,1.0,8,0,0,248,1.0,1.0,1.0,1.0,8,0,0,248,1.0,1.0,1.0,1.0,8,0,0,248,1.0,1.0,1.0,1.0,1.0,1.0,8,8,8,3.2,8,8,8
T69,0.9552378173329442,0.9313304721030042,7,1,0,248,0.99609375,0.9333333333333333,0.9979879275653923,1.0,8,0,0,248,1.0,1.0,1.0,0.9313304721030042,7,0,1,248,0.99609375,0.9333333333333333,0.9979879275653923,0.9542203147353362,0.9542203147353362,0.99609375,8,8,7,3.2,8,7,8
T70,0.8383107300962687,0.7632552404438965,5,2,1,248,0.98828125,0.7692307692307693,0.9939879759519038,0.9210850801479655,6,1,0,249,0.99609375,0.9230769230769231,0.9979959919839679,0.8293333333333334,5,1,1,249,0.9921875,0.8333333333333334,0.996,0.8378912179750652,0.8378912179750652,0.98828125,8,6,5,2.4,7,6,6
T71,0.7236699891917857,1.0,4,0,0,252,1.0,1.0,1.0,0.5656108597285068,2,2,1,251,0.98828125,0.5714285714285714,0.994059405940594,0.5656108597285068,2,2,1,251,0.98828125,0.5714285714285714,0.994059405940594,0.7104072398190046,0.7104072398190046,0.98828125,5,4,2,1.6,4,4,3
T72,0.9022120226939504,0.853126792885829,6,1,1,248,0.9921875,0.8571428571428571,0.9959839357429718,1.0,7,0,0,249,1.0,1.0,1.0,0.853126792885829,6,1,1,248,0.9921875,0.8571428571428571,0.9959839357429718,0.9020845285905527,0.9020845285905527,0.9921875,8,7,6,2.8,7,7,7
T73,0.7754355145659493,0.6627140974967062,2,1,1,252,0.9921875,0.6666666666666666,0.9960474308300395,1.0,3,0,0,253,1.0,1.0,1.0,0.6627140974967062,2,1,1,252,0.9921875,0.6666666666666666,0.9960474308300395,0.7751427316644707,0.7751427316644707,0.9921875,4,3,2,1.2,3,3,3
T74,1.0,1.0,4,0,0,252,1.0,1.0,1.0,1.0,4,0,0,252,1.0,1.0,1.0,1.0,4,0,0,252,1.0,1.0,1.0,1.0,1.0,1.0,4,4,4,1.6,4,4,4
T77,0.7788031723143475,0.8045204642638973,11,2,3,240,0.98046875,0.8148148148148148,0.9896907216494846,0.8251963127347217,10,3,1,242,0.984375,0.8333333333333334,0.9918032786885246,0.7058437294812869,9,5,2,240,0.97265625,0.72,0.9856262833675564,0.7785201688266353,0.7785201688266353,0.96875,17,12,9,4.8,13,14,11
T79,0.8863703703703704,0.9210850801479655,6,0,1,249,0.99609375,0.9230769230769231,0.9979959919839679,0.9071117561683599,5,1,0,250,0.99609375,0.9090909090909091,0.998003992015968,0.8294470353097935,5,2,0,249,0.9921875,0.8333333333333334,0.996,0.8858812905420397,0.8858812905420397,0.9921875,7,6,5,2.4,6,7,5
T80,0.9602425876010782,0.9391634980988594,8,0,1,247,0.99609375,0.9411764705882353,0.997979797979798,0.9391634980988594,8,0,1,247,0.99609375,0.9411764705882353,0.997979797979798,1.0,9,0,0,247,1.0,1.0,1.0,0.9594423320659061,0.9594423320659061,0.99609375,9,9,8,3.6,8,9,9
T83,0.7852643367085064,0.7523219814241486,8,0,5,243,0.98046875,0.7619047619047619,0.9898167006109979,0.8709677419354839,7,1,1,247,0.9921875,0.875,0.9959677419354839,0.7523219814241486,8,5,0,243,0.98046875,0.7619047619047619,0.9898167006109979,0.7918705682612602,0.7918705682612602,0.9765625,13,9,7,3.6,8,13,8
T85,0.9532659029978064,1.0,7,0,0,249,1.0,1.0,1.0,0.9313304721030042,7,0,1,248,0.99609375,0.9333333333333333,0.9979879275653923,0.9313304721030042,7,0,1,248,0.99609375,0.9333333333333333,0.9979879275653923,0.9542203147353362,0.9542203147353362,0.99609375,8,7,7,2.8,7,7,8
T87,0.796281540504648,0.7961783439490446,4,0,2,250,0.9921875,0.8,0.9960159362549801,0.8869257950530035,4,0,1,251,0.99609375,0.8888888888888888,0.9980119284294234,0.7213352685050798,4,2,1,249,0.98828125,0.7272727272727273,0.9940119760479041,0.801479802502376,0.801479802502376,0.98828125,7,4,4,1.6,4,6,5
ISSUE_NON_RESPONSE,,,0,0,0,256,1.0,,1.0,,0,0,0,256,1.0,,1.0,,0,0,0,256,1.0,,1.0,,,1.0,0,0,0,0.0,0,0,0
ISSUE_OFF_TOPIC,0.8657134519988328,0.8532110091743119,6,0,2,248,0.9921875,0.8571428571428571,0.9959839357429718,0.7942122186495176,6,0,3,247,0.98828125,0.8,0.993963782696177,0.9391634980988594,8,0,1,247,0.99609375,0.9411764705882353,0.997979797979798,0.8621955753075629,0.8621955753075629,0.98828125,9,8,6,3.2,6,8,9
UNCOVERED,-0.005242463958060384,-0.006289308176100629,0,1,4,251,0.98046875,0.0,0.9901380670611439,0.0,0,1,0,255,0.99609375,0.0,0.9980430528375733,0.0,0,4,0,252,0.984375,0.0,0.9921259842519685,-0.0020964360587002098,-0.0020964360587002098,0.98046875,5,0,0,0.0,1,4,0
