uid,text
R01,"Quill writes most of my boilerplate now. I spend less time on getters, setters and config files."
R02,"It saves me time on unit tests. I describe the case and it drafts the test, which I then fix."
R03,The suggestions are often wrong in subtle ways. I caught an off-by-one error that looked perfectly fine.
R04,I don't trust it with anything security related. It suggested string concatenation for a SQL query.
R05,Great for learning a new framework. I ask it to explain unfamiliar code and it usually gets the gist right.
R06,n/a
R07,Reviewing its output takes longer than writing the code myself for anything non-trivial.
R08,"It is fast at boilerplate, but the code it writes ignores our team's naming conventions."
R09,I worry that juniors on my team accept suggestions without understanding them.
R10,Explaining legacy code is the best part. It summarised a 600-line function in plain English.
R11,"Our legal team is nervous about licensing of generated code, so we can only use it on internal tools."
R12,It made writing tests less tedious. Coverage on my module went up because tests are cheap to start now.
R13,"Sometimes it invents API methods that do not exist, and I lose time chasing them."
R14,same as above
R15,"I finish routine tickets faster, so I have more time for design work."
R16,The autocomplete interrupts my flow. Half the time I am dismissing suggestions instead of thinking.
R17,It helped me pick up Rust much faster than reading the book alone.
R18,"I can't tell what data it sends to the vendor, and our company policy is unclear."
R19,Boilerplate and repetitive code are where it shines. Anything with business logic needs heavy editing.
R20,It hallucinated a configuration flag and the build failed in CI.
R21,Pair programming with it feels like working with a fast but careless intern.
R22,I use it to write documentation comments. It turns my notes into readable docstrings.
R23,"My code reviews now include checking whether a block came from the assistant, which adds overhead."
R24,It is good at explaining error messages and suggesting what to try next.
R25,I rely on it less than I expected. The suggestions rarely fit our internal libraries.
R26,The best thing is fewer context switches: I don't have to search the web for syntax anymore.
R27,I'm concerned about losing my own skills if I let it write everything.
R28,It writes decent first drafts of test fixtures and mock data.
R29,Our team lead banned it on the payments service until we have a review policy.
R30,"Not much to say, I barely use it."
