uid,code,n_coders,coders,unanimous
U001,ISSUE_OFF_TOPIC,3,123,True
U002,T74,3,123,True
U002,T77,2,12,False
U003,T23,2,12,False
U003,T51,3,123,True
U004,T11,3,123,True
U004,T13,2,13,False
U004,T47,2,12,False
U004,T48,2,12,False
U005,T10,3,123,True
U005,T45,3,123,True
U006,T10,3,123,True
U006,T45,3,123,True
U006,T64,2,23,False
U007,T10,3,123,True
U007,T45,3,123,True
U007,T64,3,123,True
U008,T01,3,123,True
U008,T83,3,123,True
U009,T10,3,123,True
U009,T45,3,123,True
U010,T10,3,123,True
U010,T45,3,123,True
U010,T64,2,23,False
U011,T04,2,12,False
U011,T07,3,123,True
U011,T16,3,123,True
U011,T25,3,123,True
U011,T56,2,12,False
U012,T10,3,123,True
U012,T45,3,123,True
U013,T62,3,123,True
U014,T10,3,123,True
U014,T45,3,123,True
U015,T04,3,123,True
U015,T12,3,123,True
U015,T25,3,123,True
U016,T10,3,123,True
U016,T64,3,123,True
U017,T13,3,123,True
U017,T22,2,12,False
U017,T47,3,123,True
U017,T56,3,123,True
U017,T79,3,123,True
U018,T13,3,123,True
U018,T22,3,123,True
U018,T47,3,123,True
U018,T56,3,123,True
U019,T10,3,123,True
U020,T04,3,123,True
U020,T07,2,13,False
U020,T16,3,123,True
U021,T62,3,123,True
U022,T05,2,13,False
U022,T48,2,13,False
U023,T02,3,123,True
U024,T11,3,123,True
U024,T24,3,123,True
U024,T77,2,13,False
U025,T39,3,123,True
U026,T35,3,123,True
U026,T37,3,123,True
U026,T67,2,12,False
U027,T04,3,123,True
U027,T21,2,13,False
U028,T01,2,23,False
U028,T08,3,123,True
U028,T09,3,123,True
U028,T59,2,13,False
U029,T13,3,123,True
U029,T24,3,123,True
U029,T47,3,123,True
U030,T11,2,12,False
U030,T13,3,123,True
U030,T24,3,123,True
U030,T47,3,123,True
U031,T03,2,23,False
U031,T11,2,12,False
U031,T13,3,123,True
U031,T24,3,123,True
U031,T41,3,123,True
U031,T47,3,123,True
U031,T55,2,23,False
U032,T31,3,123,True
U032,T36,2,12,False
U032,T51,3,123,True
U033,T39,3,123,True
U034,T01,3,123,True
U034,T09,2,12,False
U034,T21,2,12,False
U035,T08,3,123,True
U035,T09,3,123,True
U036,T24,3,123,True
U036,T41,3,123,True
U036,T87,3,123,True
U037,ISSUE_OFF_TOPIC,3,123,True
U038,T01,3,123,True
U038,T12,2,23,False
U038,T52,3,123,True
U038,T77,3,123,True
U039,T07,3,123,True
U039,T25,3,123,True
U040,T04,3,123,True
U040,T07,3,123,True
U041,T07,3,123,True
U041,T25,3,123,True
U041,T46,3,123,True
U041,T83,2,23,False
U041,T85,3,123,True
U042,T08,3,123,True
U042,T09,3,123,True
U043,T11,3,123,True
U043,T13,2,12,False
U043,T22,3,123,True
U043,T47,3,123,True
U044,T62,3,123,True
U045,T06,2,13,False
U045,T23,3,123,True
U045,T42,2,12,False
U045,T51,3,123,True
U046,T05,2,12,False
U046,T13,3,123,True
U046,T23,3,123,True
U046,T47,3,123,True
U047,T28,3,123,True
U047,T36,2,12,False
U047,T87,3,123,True
U048,T23,2,13,False
U048,T29,3,123,True
U048,T33,3,123,True
U048,T37,3,123,True
U048,T68,3,123,True
U048,T72,2,13,False
U048,T73,3,123,True
U049,T34,3,123,True
U049,T74,3,123,True
U050,T14,3,123,True
U050,T15,3,123,True
U050,T20,3,123,True
U050,T37,3,123,True
U050,T77,2,13,False
U051,T01,3,123,True
U052,T13,3,123,True
U052,T31,3,123,True
U052,T47,3,123,True
U052,T48,2,12,False
U052,T77,2,12,False
U053,T24,3,123,True
U053,T36,2,12,False
U054,T08,3,123,True
U054,T09,3,123,True
U055,T05,3,123,True
U055,T83,3,123,True
U055,T85,2,12,False
U056,T23,3,123,True
U056,T48,3,123,True
U056,T51,3,123,True
U057,T48,3,123,True
U057,T87,3,123,True
U058,T17,2,23,False
U058,T30,3,123,True
U058,T36,3,123,True
U058,T65,3,123,True
U058,T70,3,123,True
U059,T07,3,123,True
U059,T16,3,123,True
U060,T03,3,123,True
U060,T06,3,123,True
U060,T31,3,123,True
U060,T36,3,123,True
U060,T38,3,123,True
U060,T41,2,23,False
U060,T56,2,23,False
U060,T79,3,123,True
U061,T69,2,13,False
U062,T09,2,23,False
U062,T14,3,123,True
U062,T15,3,123,True
U062,T19,3,123,True
U062,T20,3,123,True
U062,T37,2,12,False
U062,T52,2,23,False
U062,T72,3,123,True
U062,T77,2,13,False
U063,T26,2,12,False
U064,T25,3,123,True
U064,T46,2,13,False
U064,T83,3,123,True
U064,T85,3,123,True
U065,T12,3,123,True
U066,T07,3,123,True
U066,T16,3,123,True
U066,T37,2,13,False
U066,T49,3,123,True
U067,T35,3,123,True
U067,T65,3,123,True
U067,T70,3,123,True
U068,T05,2,13,False
U068,T06,2,12,False
U068,T24,3,123,True
U068,T36,3,123,True
U068,T38,3,123,True
U068,T51,3,123,True
U069,T07,3,123,True
U069,T25,3,123,True
U069,T46,2,13,False
U070,ISSUE_OFF_TOPIC,2,23,False
U071,T05,2,12,False
U071,T23,3,123,True
U071,T36,3,123,True
U071,T38,3,123,True
U071,T48,3,123,True
U072,T04,3,123,True
U072,T12,3,123,True
U073,T10,3,123,True
U073,T45,3,123,True
U074,T02,3,123,True
U074,T07,2,13,False
U074,T25,3,123,True
U075,ISSUE_OFF_TOPIC,3,123,True
U076,T08,3,123,True
U076,T09,3,123,True
U077,T07,3,123,True
U078,T60,2,12,False
U079,T03,3,123,True
U079,T06,3,123,True
U079,T11,3,123,True
U079,T22,3,123,True
U079,T38,3,123,True
U079,T41,3,123,True
U079,T42,3,123,True
U080,T11,3,123,True
U080,T17,3,123,True
U080,T22,3,123,True
U080,T36,3,123,True
U081,T39,3,123,True
U081,T48,2,13,False
U082,T02,3,123,True
U083,T52,2,13,False
U083,T83,3,123,True
U084,T02,2,13,False
U084,T04,3,123,True
U084,T59,3,123,True
U085,T11,3,123,True
U085,T17,3,123,True
U085,T22,3,123,True
U085,T36,3,123,True
U086,T80,2,12,False
U087,T02,2,13,False
U087,T07,3,123,True
U088,T29,3,123,True
U088,T33,3,123,True
U088,T37,3,123,True
U088,T64,3,123,True
U088,T68,3,123,True
U089,T10,3,123,True
U089,T45,3,123,True
U090,T06,3,123,True
U090,T11,2,12,False
U090,T23,3,123,True
U091,T02,3,123,True
U092,T05,3,123,True
U092,T24,3,123,True
U092,T36,3,123,True
U093,T13,3,123,True
U093,T17,2,12,False
U093,T24,3,123,True
U093,T47,3,123,True
U094,T04,3,123,True
U094,T07,3,123,True
U094,T25,3,123,True
U094,T46,2,12,False
U095,T02,2,13,False
U095,T59,2,23,False
U096,T62,3,123,True
U097,T37,3,123,True
U097,T50,2,12,False
U097,T64,2,23,False
U097,T85,3,123,True
U098,T02,3,123,True
U098,T77,2,23,False
U099,T02,3,123,True
U100,T01,2,12,False
U100,T08,3,123,True
U100,T09,3,123,True
U101,T27,3,123,True
U101,T32,3,123,True
U101,T34,3,123,True
U102,T07,3,123,True
U103,T11,3,123,True
U103,T31,3,123,True
U103,T36,3,123,True
U104,T11,3,123,True
U104,T13,3,123,True
U104,T17,3,123,True
U104,T23,3,123,True
U104,T36,2,13,False
U104,T47,3,123,True
U104,T56,3,123,True
U105,T05,3,123,True
U105,T14,3,123,True
U105,T15,3,123,True
U105,T20,3,123,True
U106,T02,3,123,True
U106,T04,3,123,True
U107,T10,3,123,True
U108,T15,3,123,True
U108,T20,3,123,True
U109,T08,3,123,True
U109,T09,3,123,True
U110,T04,2,13,False
U110,T12,3,123,True
U111,T01,2,23,False
U111,T08,3,123,True
U111,T09,3,123,True
U111,T73,3,123,True
U112,T20,3,123,True
U113,T10,3,123,True
U113,T39,3,123,True
U113,T45,3,123,True
U114,T14,3,123,True
U114,T19,3,123,True
U115,T01,2,23,False
U115,T04,2,23,False
U115,T08,3,123,True
U115,T12,3,123,True
U115,T21,3,123,True
U115,T52,3,123,True
U115,T60,2,12,False
U115,T83,3,123,True
U115,T85,2,23,False
U116,T06,3,123,True
U116,T42,3,123,True
U116,T48,2,13,False
U116,T79,3,123,True
U117,T27,3,123,True
U117,T32,3,123,True
U117,T34,3,123,True
U117,T83,3,123,True
U117,T85,3,123,True
U118,T02,3,123,True
U118,T07,3,123,True
U118,T16,3,123,True
U118,T25,3,123,True
U118,T46,3,123,True
U118,T49,3,123,True
U119,T02,3,123,True
U119,T04,3,123,True
U119,T16,3,123,True
U120,T02,3,123,True
U121,T01,2,13,False
U122,T11,2,12,False
U122,T17,2,13,False
U122,T18,3,123,True
U122,T48,3,123,True
U122,T67,2,13,False
U122,T71,3,123,True
U123,T06,3,123,True
U123,T36,3,123,True
U124,T05,2,12,False
U124,T22,2,12,False
U124,T36,3,123,True
U124,T38,3,123,True
U125,T06,3,123,True
U125,T11,3,123,True
U125,T24,3,123,True
U125,T41,2,23,False
U125,T79,3,123,True
U126,T16,3,123,True
U126,T49,2,12,False
U127,T16,3,123,True
U127,T49,2,12,False
U128,T10,3,123,True
U128,T45,3,123,True
U129,T01,2,13,False
U129,T08,2,12,False
U129,T09,3,123,True
U130,T18,2,12,False
U131,T13,3,123,True
U131,T22,3,123,True
U131,T47,3,123,True
U132,ISSUE_OFF_TOPIC,2,23,False
U133,T41,2,23,False
U133,T47,3,123,True
U134,T14,3,123,True
U134,T20,3,123,True
U135,T50,3,123,True
U135,T67,2,13,False
U136,T04,3,123,True
U136,T12,3,123,True
U137,T06,3,123,True
U137,T48,3,123,True
U138,T05,3,123,True
U138,T31,3,123,True
U138,T51,2,13,False
U139,T29,3,123,True
U139,T33,3,123,True
U139,T37,3,123,True
U139,T68,2,12,False
U139,T72,2,13,False
U140,T01,3,123,True
U140,T52,2,12,False
U141,T05,2,12,False
U141,T26,2,13,False
U141,T50,3,123,True
U141,T55,3,123,True
U141,T77,2,12,False
U142,T37,3,123,True
U142,T64,3,123,True
U143,T01,2,12,False
U143,T12,2,23,False
U143,T59,3,123,True
U144,T11,3,123,True
U144,T17,3,123,True
U144,T22,3,123,True
U144,T36,3,123,True
U144,T41,3,123,True
U144,T79,3,123,True
U145,T06,2,12,False
U145,T48,3,123,True
U146,T52,3,123,True
U146,T83,3,123,True
U147,T05,2,12,False
U147,T11,3,123,True
U147,T22,3,123,True
U147,T36,3,123,True
U148,T35,3,123,True
U148,T70,3,123,True
U149,T04,3,123,True
U150,T06,3,123,True
U150,T28,3,123,True
U150,T36,2,12,False
U151,T62,3,123,True
U152,T02,2,13,False
U153,T80,3,123,True
U154,T06,2,13,False
U154,T36,3,123,True
U154,T74,2,12,False
U155,T06,2,13,False
U155,T11,2,23,False
U155,T23,2,12,False
U155,T36,2,12,False
U155,T41,3,123,True
U155,T51,2,12,False
U156,T39,3,123,True
U157,T62,2,12,False
U158,T02,3,123,True
U158,T07,2,12,False
U159,T02,3,123,True
U160,T02,3,123,True
U161,T36,3,123,True
U161,T74,3,123,True
U161,T79,3,123,True
U162,T14,3,123,True
U162,T19,3,123,True
U163,T56,3,123,True
U164,T02,2,13,False
U164,T04,3,123,True
U165,T43,3,123,True
U165,T80,3,123,True
U166,T33,3,123,True
U166,T68,3,123,True
U167,T07,3,123,True
U168,T07,3,123,True
U169,T29,3,123,True
U169,T33,3,123,True
U169,T68,3,123,True
U170,T16,3,123,True
U170,T49,2,23,False
U171,T37,3,123,True
U171,T64,3,123,True
U172,T04,3,123,True
U172,T12,3,123,True
U173,ISSUE_OFF_TOPIC,2,12,False
U174,T01,3,123,True
U174,T09,3,123,True
U174,T14,3,123,True
U174,T19,3,123,True
U174,T77,3,123,True
U175,T12,2,13,False
U175,T60,3,123,True
U176,T08,3,123,True
U176,T09,3,123,True
U177,T14,3,123,True
U177,T20,3,123,True
U178,T07,3,123,True
U179,T07,3,123,True
U179,T45,3,123,True
U180,T27,3,123,True
U180,T60,2,13,False
U181,T12,2,12,False
U181,T17,3,123,True
U181,T30,3,123,True
U182,T04,3,123,True
U182,T12,3,123,True
U183,T06,3,123,True
U183,T28,3,123,True
U184,T26,3,123,True
U184,T55,2,12,False
U184,T69,3,123,True
U185,T16,3,123,True
U185,T49,3,123,True
U186,T01,2,12,False
U186,T45,2,23,False
U186,T60,2,13,False
U187,T01,2,23,False
U187,T39,3,123,True
U187,T73,2,12,False
U188,T01,2,23,False
U188,T19,3,123,True
U188,T52,3,123,True
U189,T06,2,12,False
U189,T26,3,123,True
U189,T55,2,12,False
U190,T16,3,123,True
U190,T30,2,23,False
U190,T65,2,12,False
U190,T70,3,123,True
U191,T62,2,12,False
U192,T43,3,123,True
U192,T80,3,123,True
U193,T62,3,123,True
U194,T01,2,12,False
U194,T08,3,123,True
U194,T09,3,123,True
U195,T16,3,123,True
U195,T49,3,123,True
U196,T52,2,12,False
U196,T71,2,23,False
U197,T05,2,23,False
U197,T08,2,13,False
U198,T43,3,123,True
U198,T80,3,123,True
U199,T26,2,12,False
U199,T51,3,123,True
U199,T55,3,123,True
U199,T56,2,12,False
U199,T69,3,123,True
U200,T17,2,23,False
U200,T21,3,123,True
U200,T30,3,123,True
U200,T65,2,12,False
U200,T70,3,123,True
U201,T07,3,123,True
U202,T04,3,123,True
U203,T02,3,123,True
U204,T02,2,13,False
U204,T30,2,12,False
U205,T16,3,123,True
U205,T69,3,123,True
U206,T16,2,12,False
U206,T69,3,123,True
U207,T02,3,123,True
U208,T12,3,123,True
U209,T62,3,123,True
U210,T07,2,12,False
U210,T16,3,123,True
U211,T02,2,13,False
U211,T07,3,123,True
U212,T39,2,12,False
U213,T04,2,12,False
U213,T50,2,23,False
U213,T69,3,123,True
U214,T27,3,123,True
U214,T32,3,123,True
U215,T71,2,12,False
U216,T26,3,123,True
U216,T69,3,123,True
U217,T12,2,23,False
U217,T59,3,123,True
U218,T02,2,13,False
U219,T35,3,123,True
U219,T37,2,13,False
U220,T35,3,123,True
U220,T65,3,123,True
U220,T70,3,123,True
U221,T43,3,123,True
U221,T80,3,123,True
U222,ISSUE_OFF_TOPIC,3,123,True
U223,T27,3,123,True
U224,T02,3,123,True
U224,T07,3,123,True
U225,T26,3,123,True
U225,T50,2,23,False
U226,T43,3,123,True
U226,T80,3,123,True
U227,T04,3,123,True
U228,T27,2,23,False
U228,T32,3,123,True
U228,T34,3,123,True
U228,T71,3,123,True
U229,T15,3,123,True
U229,T20,3,123,True
U229,T72,3,123,True
U230,T02,3,123,True
U231,T05,2,12,False
U231,T43,3,123,True
U232,T62,3,123,True
U233,T02,2,13,False
U233,T04,3,123,True
U234,T08,3,123,True
U234,T09,3,123,True
U235,T08,3,123,True
U235,T09,3,123,True
U236,T09,3,123,True
U236,T37,3,123,True
U236,T72,3,123,True
U237,T02,3,123,True
U238,T43,3,123,True
U238,T80,3,123,True
U239,T08,3,123,True
U239,T09,3,123,True
U240,T29,2,23,False
U240,T33,3,123,True
U240,T68,3,123,True
U240,T72,3,123,True
U241,T01,2,13,False
U241,T15,3,123,True
U241,T79,2,12,False
U242,T05,2,12,False
U242,T06,2,23,False
U242,T43,3,123,True
U243,T83,2,23,False
U243,T85,2,12,False
U244,T04,2,12,False
U244,T07,3,123,True
U244,T12,2,23,False
U245,T04,2,12,False
U245,T50,2,23,False
U245,T69,3,123,True
U246,T56,3,123,True
U247,T62,3,123,True
U248,T07,3,123,True
U248,T16,3,123,True
U249,T02,3,123,True
U250,T08,3,123,True
U250,T09,3,123,True
U251,T12,3,123,True
U251,T50,3,123,True
U252,T39,3,123,True
U253,T08,3,123,True
U253,T09,3,123,True
U253,T19,3,123,True
U253,T37,2,12,False
U254,T05,2,12,False
U254,T28,3,123,True
U254,T36,3,123,True
U255,T08,3,123,True
U255,T09,3,123,True
U255,T37,2,12,False
U255,T72,2,13,False
U256,T77,2,12,False
